images;Image url;Max Price;Number of sold items;Price;Product Details Url;Product Title;;categories
https://ae01.alicdn.com/kf/Sc1b5b3c7fb204f5886d3158373813923c/HOT-Global-Version-i13Promax-6-7inch-Smartphone-Dual-SIM-5G-4G-16GB-RAM-512GB-ROM-Dual.jpg_220x220xz.jpg;//ae01.alicdn.com/kf/Sc1b5b3c7fb204f5886d3158373813923c/HOT-Global-Version-i13Promax-6-7inch-Smartphone-Dual-SIM-5G-4G-16GB-RAM-512GB-ROM-Dual.jpg_220x220xz.jpg;;23 vendu(s);MAD 782.89;fr.aliexpress.com/item/1005004265530334.html;Smartphone i13Promax. Version globale. 6.7 pouces. double SIM. 5G. 4G. 16 go de RAM + 512 go de ROM. double SIM. 32mp + 50mp. reconnaissance faciale;;smart phones
https://ae01.alicdn.com/kf/Sa3a8e7e8fd614e8081f1d6d9f993ac23u/I13-ProMax-Smartphone-6-7-Cellphones-Android-Fingerprint-Face-Unlock-Dual-Camera-4G-5G-Smart-Mobile.jpg_220x220xz.jpg;//ae01.alicdn.com/kf/Sa3a8e7e8fd614e8081f1d6d9f993ac23u/I13-ProMax-Smartphone-6-7-Cellphones-Android-Fingerprint-Face-Unlock-Dual-Camera-4G-5G-Smart-Mobile.jpg_220x220xz.jpg;;;MAD 1.290.60;fr.aliexpress.com/item/1005004101312295.html;Smartphone I13 ProMax. téléphone Mobile. écran de 6.7 pouces. déverrouillage par reconnaissance faciale. reconnaissance d'empreintes digitales. double caméra. 4G. 5G. Version internationale;;smart phones
https://ae01.alicdn.com/kf/Sf74cbcb9a07c43d8a0549e75edd5ce66Z/S22-Ultra-Smartphone-Orignal-16G-1T-Celular-6-8-inch-Dual-Sim-Unlocked-Mobile-Phones-4G.jpg_220x220xz.jpg;//ae01.alicdn.com/kf/Sf74cbcb9a07c43d8a0549e75edd5ce66Z/S22-Ultra-Smartphone-Orignal-16G-1T-Celular-6-8-inch-Dual-Sim-Unlocked-Mobile-Phones-4G.jpg_220x220xz.jpg;;135 vendu(s);MAD 793.43;fr.aliexpress.com/item/1005004243305323.html;Téléphone portable S22 Ultra débloqué. écran de 6.8 pouces. Smartphone. mémoire de 16 go + 1T. double Sim. 4G. 5G. Android. batterie de 6800mAh;;smart phones
https://ae01.alicdn.com/kf/S002ad4b11a214029b69327d852db953fK/HOT-Global-Version-6-7inch-I13Promax-5G-4G-Smartphone-Dual-SIM-16GB-RAM-512GB-ROM-Dual.jpg_220x220xz.jpg;//ae01.alicdn.com/kf/S002ad4b11a214029b69327d852db953fK/HOT-Global-Version-6-7inch-I13Promax-5G-4G-Smartphone-Dual-SIM-16GB-RAM-512GB-ROM-Dual.jpg_220x220xz.jpg;;9 vendu(s);MAD 752.47;fr.aliexpress.com/item/1005004260812479.html;Smartphone I13Promax 5G 4G. Version globale. 6.7 pouces. double SIM. 16 go de RAM + 512 go de ROM. 32mp + 50mp. reconnaissance faciale;;smart phones
https://ae01.alicdn.com/kf/Sc6fcefc1e7824af5986b4fdc98d741ffO/Smartphone-S22-Ultra-6-8-Inch-HD-Screen-Dual-Sim-Unlocked-Cell-Phones-Android-Mobile-Phones.jpg_220x220xz.jpg;//ae01.alicdn.com/kf/Sc6fcefc1e7824af5986b4fdc98d741ffO/Smartphone-S22-Ultra-6-8-Inch-HD-Screen-Dual-Sim-Unlocked-Cell-Phones-Android-Mobile-Phones.jpg_220x220xz.jpg;;83 vendu(s);MAD 808.44;fr.aliexpress.com/item/1005004243291203.html;Smartphone S22 4G 5G Ultra débloqué. téléphone portable. écran HD 6.8 pouces. double Sim. Android. caméra 64mp;;smart phones
https://ae01.alicdn.com/kf/S5dcd9854980b4679afc62ddfe5d261dcj/Global-Version-New-S22-Ultra-7-3-Inch-Smartphones-4G-5G-Network-Cellphone-16G-1TB-7300mAh.jpg_220x220xz.jpg;//ae01.alicdn.com/kf/S5dcd9854980b4679afc62ddfe5d261dcj/Global-Version-New-S22-Ultra-7-3-Inch-Smartphones-4G-5G-Network-Cellphone-16G-1TB-7300mAh.jpg_220x220xz.jpg;;16 vendu(s);MAD 1.041.27;fr.aliexpress.com/item/1005004307263106.html;Smartphone S22. téléphone portable Ultra 7.3 pouces. réseau 4G/5G. 16 go + 1 to. 7300mAh. 48 + 100MP. Android. double Sim. Version internationale;;smart phones
https://ae01.alicdn.com/kf/Sec914ad15f4b4a6780628e5a5de267abe/Global-Version-Cellphone-6-7-Inch-6800mAh-Octa-Core-Quad-16GB-512GB-Rear-Camera-Android-11.jpg_220x220xz.jpg;//ae01.alicdn.com/kf/Sec914ad15f4b4a6780628e5a5de267abe/Global-Version-Cellphone-6-7-Inch-6800mAh-Octa-Core-Quad-16GB-512GB-Rear-Camera-Android-11.jpg_220x220xz.jpg;;;MAD 1.322.82;fr.aliexpress.com/item/1005004098290742.html;Téléphone portable 6.7 pouces. Version globale. 6800mAh Octa Core Quad 16 go + 512 go. caméra arrière. Android 11.0. 5G 4G LTE;;smart phones
https://ae01.alicdn.com/kf/S849aef15dd8144768cd89e4d6615f939u/Smartphone-6-7-I13PROMAX-Cellphones-Android-Fingerprint-Face-Unlock-Dual-Camera-4G-5G-Smart-Mobile-Cell.jpg_220x220xz.jpg;//ae01.alicdn.com/kf/S849aef15dd8144768cd89e4d6615f939u/Smartphone-6-7-I13PROMAX-Cellphones-Android-Fingerprint-Face-Unlock-Dual-Camera-4G-5G-Smart-Mobile-Cell.jpg_220x220xz.jpg;;1 vendu(s);MAD 1.322.90;fr.aliexpress.com/item/1005004101148185.html;Smartphone I13PROMAX. téléphone portable de 6.7 pouces. déverrouillage par empreinte digitale. reconnaissance faciale. double caméra. 4G. 5G. Version globale;;smart phones
https://ae01.alicdn.com/kf/S58af69d25446436d804ee33edf6faec2l/Rino4-Pro-MTK6889-Deca-Cores-CPU-6-128GB-5-8Inch-HD-Fullscreen-1080x2320-13-24MP-4800mAH.jpg_220x220xz.jpg;//ae01.alicdn.com/kf/S58af69d25446436d804ee33edf6faec2l/Rino4-Pro-MTK6889-Deca-Cores-CPU-6-128GB-5-8Inch-HD-Fullscreen-1080x2320-13-24MP-4800mAH.jpg_220x220xz.jpg;;1 vendu(s);MAD 619.36;fr.aliexpress.com/item/1005004276704192.html;Rino4 Pro – smartphone. MTK6889. Deca. 6 cœurs. 128 go. écran HD + 5.8 pouces. 1080x2320. 13 + 24MP. 4800mAH. Android. Version internationale;;smart phones
https://ae01.alicdn.com/kf/S7ba2b5bb68994e40911f2cb65438d84dt/2022-New-S22-Ultra-Smartphone-7-3-Inch-16GB-1TB-6800mAh-5G-Network-Unlock-Smart-Phone.jpg_220x220xz.jpg;//ae01.alicdn.com/kf/S7ba2b5bb68994e40911f2cb65438d84dt/2022-New-S22-Ultra-Smartphone-7-3-Inch-16GB-1TB-6800mAh-5G-Network-Unlock-Smart-Phone.jpg_220x220xz.jpg;;18 vendu(s);MAD 953.19;fr.aliexpress.com/item/1005004285322627.html;Téléphone portable S22 + Ultra. écran de 2022 pouces. Smartphone. mémoire de 16GB et 1TB. batterie de 7.3 mAh. déverrouillage du réseau 5G. Version internationale. nouveau. 6800;;smart phones
https://ae01.alicdn.com/kf/Ab60cf74a7f53495a879d0ffd54b48ee1G/XGODY-4G-LTE-Face-ID-Smartphone-6-Inch-13MP-2GB-32GB-Smart-Android-9-0-Unlocked.jpg_220x220xz.jpg;//ae01.alicdn.com/kf/Ab60cf74a7f53495a879d0ffd54b48ee1G/XGODY-4G-LTE-Face-ID-Smartphone-6-Inch-13MP-2GB-32GB-Smart-Android-9-0-Unlocked.jpg_220x220xz.jpg;;3 vendu(s);MAD 725.63;fr.aliexpress.com/item/1005004318996992.html;XGODY 4G LTE Face ID Smartphone 6 Pouces 13MP 2GB 32GB Intelligent Android 9.0 Débloqué Téléphone Portable MTK6737 Quad Core 3500mAh Téléphone Portable;;smart phones
https://ae01.alicdn.com/kf/S4d4578151cc4431b85305aef6960cf79g/Smartphone-V20-Pro-7-3-Inch-12GB-512GB-5600mAh-Android-10-4G-5G-Global-Version-Celular.jpg_220x220xz.jpg;//ae01.alicdn.com/kf/S4d4578151cc4431b85305aef6960cf79g/Smartphone-V20-Pro-7-3-Inch-12GB-512GB-5600mAh-Android-10-4G-5G-Global-Version-Celular.jpg_220x220xz.jpg;;11 vendu(s);MAD 821.17;fr.aliexpress.com/item/1005004105495106.html;Smartphone V20 Pro. téléphone portable. écran de 7.3 pouces. 12 go de ram. 512 go de rom. batterie de 5600mAh. Android 10. 4G. 5G. Sma;;smart phones
https://ae01.alicdn.com/kf/See21c994bb3446dc84ad733203cbb687l/From-ZTE-Original-Angel-Care-X13-телефон-смартфоны-Smartphone-celular-128GB-Smart-Phones-6-5-Inch.jpg_220x220xz.jpg;//ae01.alicdn.com/kf/See21c994bb3446dc84ad733203cbb687l/From-ZTE-Original-Angel-Care-X13-телефон-смартфоны-Smartphone-celular-128GB-Smart-Phones-6-5-Inch.jpg_220x220xz.jpg;;49 vendu(s);MAD 994.05;fr.aliexpress.com/item/1005003314129496.html;Téléphone portable Original de ZTE Angel Care X13. Smartphone. 128 go. 6.5 pouces. Mini. Version globale;;smart phones
https://ae01.alicdn.com/kf/S82d5efe47e084b50800e54e77bffe144A/SOYES-XS11-3G-Mini-Smart-Android-Phone-2-5Inch-WIFI-GPS-RAM-1GB-ROM-8GB-Quad.jpg_220x220xz.jpg;//ae01.alicdn.com/kf/S82d5efe47e084b50800e54e77bffe144A/SOYES-XS11-3G-Mini-Smart-Android-Phone-2-5Inch-WIFI-GPS-RAM-1GB-ROM-8GB-Quad.jpg_220x220xz.jpg;;3 vendu(s);MAD 417.44;fr.aliexpress.com/item/1005004277606248.html;SOYES XS11 3G Mini Smart Téléphone Android 2.5 Pouces WIFI GPS RAM 1 GO ROM 8 GO Quad Core Google Play Facebook Whatsapp Téléphone Portable;;smart phones
https://ae01.alicdn.com/kf/Hc5475d2151874b59877ed0a80a5bf1b0r/5G-Smart-Phone-7-6-Inch-8-128GB-Face-Fingerprint-Unlock-Dual-Card-Dual-Standby-Large.jpg_220x220xz.jpg;//ae01.alicdn.com/kf/Hc5475d2151874b59877ed0a80a5bf1b0r/5G-Smart-Phone-7-6-Inch-8-128GB-Face-Fingerprint-Unlock-Dual-Card-Dual-Standby-Large.jpg_220x220xz.jpg;;4 vendu(s);MAD 994.15;fr.aliexpress.com/item/1005003356264882.html;Smartphone 5G. écran de 7.6 pouces. 8 go de ram. 128 go de rom. déverrouillage par empreinte digitale. double carte. double veille. grande capacité. batterie de 6800 Mah;;smart phones
https://ae01.alicdn.com/kf/S6f9c0ff76fd844d6ba302e8c337674d7V/SOYES-XS11-3G-Mini-Smart-Android-Phone-2-5Inch-WIFI-GPS-RAM-1GB-ROM-8GB-Quad.jpg_220x220xz.jpg;//ae01.alicdn.com/kf/S6f9c0ff76fd844d6ba302e8c337674d7V/SOYES-XS11-3G-Mini-Smart-Android-Phone-2-5Inch-WIFI-GPS-RAM-1GB-ROM-8GB-Quad.jpg_220x220xz.jpg;;3 vendu(s);MAD 450.85;fr.aliexpress.com/item/1005004272312998.html;SOYES XS11 3G Mini Smart Téléphone Android 2.5 Pouces WIFI GPS RAM 1 GO ROM 8 GO Quad Core Google Play Facebook Whatsapp Téléphone Portable;;smart phones
https://ae01.alicdn.com/kf/Sd967cda2ce11425498c2f3a774c6e5e2y/2022-New-S22-Ultra-Smartphone-7-3-Inch-16GB-1TB-6800mAh-5G-Network-Unlock-Smart-Phone.jpg_220x220xz.jpg;//ae01.alicdn.com/kf/Sd967cda2ce11425498c2f3a774c6e5e2y/2022-New-S22-Ultra-Smartphone-7-3-Inch-16GB-1TB-6800mAh-5G-Network-Unlock-Smart-Phone.jpg_220x220xz.jpg;;2 vendu(s);MAD 972.97;fr.aliexpress.com/item/1005004300047340.html;Téléphone portable S22 + Ultra. écran de 2022 pouces. Smartphone. mémoire de 16GB et 1TB. batterie de 7.3 mAh. déverrouillage du réseau 5G. Version internationale. nouveau. 6800;;smart phones
https://ae01.alicdn.com/kf/He2d4c0ff003b433d98cb397887bcb5ee7/Mini-Cute-Mobile-Phone-Smart-Cellphone-Camera-MP3-Sound-GSM-Kids-Children-Cell-Phone-Russian-Arabic.jpg_220x220xz.jpg;//ae01.alicdn.com/kf/He2d4c0ff003b433d98cb397887bcb5ee7/Mini-Cute-Mobile-Phone-Smart-Cellphone-Camera-MP3-Sound-GSM-Kids-Children-Cell-Phone-Russian-Arabic.jpg_220x220xz.jpg;;22 vendu(s);MAD 310.57;fr.aliexpress.com/item/1005003454063687.html;Mini téléphone portable mignon pour enfants. appareil photo. son MP3. GSM. clavier russe. arabe. hébreu;;smart phones
https://ae01.alicdn.com/kf/A87471929d7c5454eb7c3ae39ac93dabfF/XGODY-X15-4G-Smartphone-Android-9-0-2GB-32GB-6-Inch-Smart-Face-Unlock-Mobile-MTK6737.jpg_220x220xz.jpg;//ae01.alicdn.com/kf/A87471929d7c5454eb7c3ae39ac93dabfF/XGODY-X15-4G-Smartphone-Android-9-0-2GB-32GB-6-Inch-Smart-Face-Unlock-Mobile-MTK6737.jpg_220x220xz.jpg;;;MAD 820.07;fr.aliexpress.com/item/1005004308815422.html;XGODY – Smartphone. X15. ram 2 go. rom 32 go. 13mp. 6 . Android 9.0. téléphone intelligent. terminal Mobile. 4G. processeur MTK6737 Quad Core. batterie 3500mAh. GPS. WiFi;;smart phones
https://ae01.alicdn.com/kf/He08716c9813b4eda86a9128cfadef41dY/5-5-Inch-U17-4G-LTE-Smart-mobile-phones-Dual-SIM-Cards-4GB-32GB-Android-7.jpg_220x220xz.jpg;//ae01.alicdn.com/kf/He08716c9813b4eda86a9128cfadef41dY/5-5-Inch-U17-4G-LTE-Smart-mobile-phones-Dual-SIM-Cards-4GB-32GB-Android-7.jpg_220x220xz.jpg;;1 vendu(s);MAD 668.37;fr.aliexpress.com/item/4001365872332.html;Smartphone U17 4G LTE de 5.5 pouces. téléphone portable. double carte SIM. 4 go de ram. 32 go de rom. Android 7.0. processeur MT6750T octa-core. écran 1920*1080. caméra 8mp + 16mp. entièrement métallique;;smart phones
https://ae01.alicdn.com/kf/H1d30dca238324856bac601c9258d5631s/Smart-Watch-Phone-Bluetooth-Waterproof-for-Android-IOS-Camera-Call-SIM-TF-Card.jpg_220x220xz.jpg;//ae01.alicdn.com/kf/H1d30dca238324856bac601c9258d5631s/Smart-Watch-Phone-Bluetooth-Waterproof-for-Android-IOS-Camera-Call-SIM-TF-Card.jpg_220x220xz.jpg;;3 vendu(s);MAD 198.73;fr.aliexpress.com/item/1005002694430091.html;Montre connectée Bluetooth pour téléphones Android et IOS. étanche. appels avec caméra. carte SIM TF;;smart phones
https://ae01.alicdn.com/kf/S3437ee744795499d8aaae9075a3182d3d/Xiaomi-Mi-Max-3-MAX-2-MAX-1-6-9-inch-4G-RAM-64GB-ROM-Fingerprint.jpg_220x220xz.jpg;//ae01.alicdn.com/kf/S3437ee744795499d8aaae9075a3182d3d/Xiaomi-Mi-Max-3-MAX-2-MAX-1-6-9-inch-4G-RAM-64GB-ROM-Fingerprint.jpg_220x220xz.jpg;;124 vendu(s);MAD 805.26;fr.aliexpress.com/item/1005002637747847.html;Xiaomi – téléphone portable Mi Max 3 MAX 2 MAX 1. écran de 6.9 pouces. 4 go de RAM. 64 go de ROM. lecteur d'empreinte digitale. 4G. Android;;smart phones
https://ae01.alicdn.com/kf/S43c7d709824942d296b5d7990e1172c6N/DOOGEE-S88-Plus-Rugged-SmartPhone-48MP-Main-Camera-8GB-RAM-128GB-ROM-IP68-IP69K-smart-phone.jpg_220x220xz.jpg;//ae01.alicdn.com/kf/S43c7d709824942d296b5d7990e1172c6N/DOOGEE-S88-Plus-Rugged-SmartPhone-48MP-Main-Camera-8GB-RAM-128GB-ROM-IP68-IP69K-smart-phone.jpg_220x220xz.jpg;;881 vendu(s);MAD 2.126.39;fr.aliexpress.com/item/1005002018904384.html;DOOGEE S88 Plus SmartPhone. téléphone portable robuste. caméra principale 48mp. 8 go de RAM. 128 go de ROM. IP68/IP69K. Android 10 OS. version globale;;smart phones
https://ae01.alicdn.com/kf/U2ea673b9bf6a4a18bf376a1056f19e1cF/XGODY-3G-Smartphone-Android-9-0-6-18-9-2GB-16GB-Mobile-Phone-MTK6580-Quad-Core.jpg_220x220xz.jpg;//ae01.alicdn.com/kf/U2ea673b9bf6a4a18bf376a1056f19e1cF/XGODY-3G-Smartphone-Android-9-0-6-18-9-2GB-16GB-Mobile-Phone-MTK6580-Quad-Core.jpg_220x220xz.jpg;;39 vendu(s);MAD 583.37;fr.aliexpress.com/item/4000296993211.html;XGODY 6 pouces Téléphone intelligent Android 9.0 2Go 16Go Mobile Téléphone MTK6580 Quad Core 2800mAh 3G Dual SIM 5MP GPS WiFi Mate X Téléphone portable;;smart phones
https://ae01.alicdn.com/kf/HTB1.9PEXeP2gK0jSZFoq6yuIVXap/UNIWA-Mini-Mobile-Phone-L8STAR-BM70-Wireless-Bluetooth-Earphone-Cellphone-Stereo-GSM-Unlocked-Phone-Super-Thin.jpg_220x220xz.jpg;//ae01.alicdn.com/kf/HTB1.9PEXeP2gK0jSZFoq6yuIVXap/UNIWA-Mini-Mobile-Phone-L8STAR-BM70-Wireless-Bluetooth-Earphone-Cellphone-Stereo-GSM-Unlocked-Phone-Super-Thin.jpg_220x220xz.jpg;;664 vendu(s);MAD 172.09;fr.aliexpress.com/item/33058659544.html;UNIWA — Téléphone portable mini L8STAR BM70 débloqué. petit cellulaire .connectivité GSM et Bluetooth. écouteurs sans fils. son stéréo. ultra-fin;;smart phones
https://ae01.alicdn.com/kf/Sa5013ff31e644425b4da10f14cc236709/V20-Pro-7-3Inch-HD-Fullscreen-MTK6889-Deca-Core-CPU-12-512GB-1440x3200-24MP-48MP-5600mAH.jpg_220x220xz.jpg;//ae01.alicdn.com/kf/Sa5013ff31e644425b4da10f14cc236709/V20-Pro-7-3Inch-HD-Fullscreen-MTK6889-Deca-Core-CPU-12-512GB-1440x3200-24MP-48MP-5600mAH.jpg_220x220xz.jpg;;;MAD 918.59;fr.aliexpress.com/item/1005004276507865.html;Smartphone V20 Pro. téléphone portable. écran HD de 7.3 pouces. processeur Deca Core. 12 go de ram. 512 go de rom. 1440x3200. 24mp + 48mp. batterie de 5600mAH. MTK6889;;smart phones
https://ae01.alicdn.com/kf/H4104ba8f3dd041d99f0755acd2e53a57D/Infinix-hot-10-lite-Global-Version-2GB-32GB-Smart-Phone-6-6-HD-1600-720P-5000mAh.jpg_220x220xz.jpg;//ae01.alicdn.com/kf/H4104ba8f3dd041d99f0755acd2e53a57D/Infinix-hot-10-lite-Global-Version-2GB-32GB-Smart-Phone-6-6-HD-1600-720P-5000mAh.jpg_220x220xz.jpg;;411 vendu(s);MAD 1.046.84;fr.aliexpress.com/item/1005001828282979.html;Infinix – smartphone 10 lite. Version globale. 2 go 32 go. 6.6 pouces hd 1600*720P. batterie 5000mAh. caméra 13mp. Helio A20;;smart phones
https://ae01.alicdn.com/kf/S4a506484cc5b40af8e3f123e3a9cb407g/OUKITEL-C23pro-Smartphone-4G-LTE-6-5-Inch-4GB-64GB-13MP-Four-in-One-HD-Camera.jpg_220x220xz.jpg;//ae01.alicdn.com/kf/S4a506484cc5b40af8e3f123e3a9cb407g/OUKITEL-C23pro-Smartphone-4G-LTE-6-5-Inch-4GB-64GB-13MP-Four-in-One-HD-Camera.jpg_220x220xz.jpg;;9 vendu(s);MAD 994.05;fr.aliexpress.com/item/1005002433834963.html;OUKITEL – Smartphone C23pro 4G LTE débloqué. téléphone portable. 4 go de ram. 64 go de rom. écran de 6.5 pouces. caméra HD de 13 mpx. 4 en 1. Android 10. batterie de 5000mAh;;smart phones
https://ae01.alicdn.com/kf/H922c16ccdd0e486fa0877418119e4890U/LG-H410-Refurbished-Original-Unlocked-LG-Wine-Smart-LG-H410-Quad-Core-3-2-Inches-1GB.jpg_220x220xz.jpg;//ae01.alicdn.com/kf/H922c16ccdd0e486fa0877418119e4890U/LG-H410-Refurbished-Original-Unlocked-LG-Wine-Smart-LG-H410-Quad-Core-3-2-Inches-1GB.jpg_220x220xz.jpg;;4 vendu(s);MAD 885.39;fr.aliexpress.com/item/4000298721857.html;LG – smartphone H410 reconditionné et Original débloqué. téléphone portable. 1 go de RAM. 4 go de ROM. processeur Quad-Core. écran 3.2 pouces. caméra 3.15 mpx. connectivité LTE;;smart phones
https://ae01.alicdn.com/kf/H714bff2814fa43dba8661d96f060e1dfR/Xiaomi-Mi-Max-3-MAX-2-MAX-1-6-9-inch-4G-RAM-64GB-ROM-Fingerprint.jpg_220x220xz.jpg;//ae01.alicdn.com/kf/H714bff2814fa43dba8661d96f060e1dfR/Xiaomi-Mi-Max-3-MAX-2-MAX-1-6-9-inch-4G-RAM-64GB-ROM-Fingerprint.jpg_220x220xz.jpg;;118 vendu(s);MAD 814.21;fr.aliexpress.com/item/1005003652825480.html;Xiaomi – téléphone portable Mi Max 3 MAX 2 MAX 1. écran de 6.9 pouces. 4 go de RAM. 64 go de ROM. lecteur d'empreinte digitale. 4G. Android;;smart phones
https://ae01.alicdn.com/kf/S5de751aaaa5443f49688e686cd6c1a39o/3-0-touch-screen-with-dock-flip-cell-phones-unlocked-celular-speed-dial-SOS-call-FM.jpg_220x220xz.jpg;//ae01.alicdn.com/kf/S5de751aaaa5443f49688e686cd6c1a39o/3-0-touch-screen-with-dock-flip-cell-phones-unlocked-celular-speed-dial-SOS-call-FM.jpg_220x220xz.jpg;;462 vendu(s);MAD 305.70;fr.aliexpress.com/item/32793479920.html;Téléphone portable débloqué avec écran tactile de 3.0 pouces. fonction d'appel SOS. radio FM. bouton poussoir. bon marché;;smart phones
https://ae01.alicdn.com/kf/S32ebd8e7ba7245138632d9b266e99dcdo/DOOGEE-S86-Rugged-Smartphone-6GB-128GB-8500mAh-Super-Battery-Smart-Phone-IP68-IP69K-Mobile-Phone-HelioP60.jpg_220x220xz.jpg;//ae01.alicdn.com/kf/S32ebd8e7ba7245138632d9b266e99dcdo/DOOGEE-S86-Rugged-Smartphone-6GB-128GB-8500mAh-Super-Battery-Smart-Phone-IP68-IP69K-Mobile-Phone-HelioP60.jpg_220x220xz.jpg;;153 vendu(s);MAD 1.530.89;fr.aliexpress.com/item/1005002885701591.html;DOOGEE – Smartphone S86. téléphone Mobile robuste. 6 go + 128 go. Super batterie 8500mAh. IP68/IP69K. HelioP60 Octa Core. Android 10;;smart phones
https://ae01.alicdn.com/kf/Heefde5ff341f4507870b136f5f82779bX/Global-Version-Xiaomi-Mi-11-Lite-5G-Smart-Phone-8GB-RAM-128GB-ROM-Snapdragon-780G-Octa.jpg_220x220xz.jpg;//ae01.alicdn.com/kf/Heefde5ff341f4507870b136f5f82779bX/Global-Version-Xiaomi-Mi-11-Lite-5G-Smart-Phone-8GB-RAM-128GB-ROM-Snapdragon-780G-Octa.jpg_220x220xz.jpg;;213 vendu(s);MAD 2.803.50;fr.aliexpress.com/item/1005003093473019.html;Xiaomi – smartphone Mi 11 Lite 5G. Version globale. 8 go de RAM. 128 go de ROM. Snapdragon 780G Octa Core. caméra 64mp. batterie 4250mAh. 33W;;smart phones
https://ae01.alicdn.com/kf/S27a1cf451e6942888f9060639831de21W/Global-Version-Infinix-SMART-6-2GB-32GB-SmartPhone-Helio-A22-5000mAh-Battery-6-6-HD-display.jpg_220x220xz.jpg;//ae01.alicdn.com/kf/S27a1cf451e6942888f9060639831de21W/Global-Version-Infinix-SMART-6-2GB-32GB-SmartPhone-Helio-A22-5000mAh-Battery-6-6-HD-display.jpg_220x220xz.jpg;;6 vendu(s);MAD 930.52;fr.aliexpress.com/item/1005004101139331.html;Infinix – SmartPhone SMART 6. Version globale. 2 go 32 go. Helio A22. batterie 5000mAh. écran hd 6.6 pouces. caméra 8mp. traitement Audio DTS;;smart phones
https://ae01.alicdn.com/kf/H6fb533258d184e0d9eff5e0e73a207ce4/LG-Wine-Smart-LG-D486-Refurbished-Original-Unlocked-Quad-Core-3-2-Inches-1GB-RAM-4GB.jpg_220x220xz.jpg;//ae01.alicdn.com/kf/H6fb533258d184e0d9eff5e0e73a207ce4/LG-Wine-Smart-LG-D486-Refurbished-Original-Unlocked-Quad-Core-3-2-Inches-1GB-RAM-4GB.jpg_220x220xz.jpg;;2 vendu(s);MAD 1.055.59;fr.aliexpress.com/item/1005002605118103.html;LG – smartphone D486 reconditionné et Original débloqué. téléphone portable. 1 go de RAM. 4 go de ROM. Quad Core. écran de 3.2 pouces. connectivité LTE. caméra de 3.15 mpx;;smart phones
https://ae01.alicdn.com/kf/He8c751da08b04fd4ba5362d4633fd273D/Blackview-A80-Android-10-0-Go-Quad-Rear-13MP-Camera-Mobile-Phone-6-21-Waterdrop-Screen.jpg_220x220xz.jpg;//ae01.alicdn.com/kf/He8c751da08b04fd4ba5362d4633fd273D/Blackview-A80-Android-10-0-Go-Quad-Rear-13MP-Camera-Mobile-Phone-6-21-Waterdrop-Screen.jpg_220x220xz.jpg;;1 vendu(s);MAD 834.99;fr.aliexpress.com/item/4001096054374.html;Blackview – Smartphone A80. Android 10.0 Go. Quad caméra arrière 13mp. écran goutte d'eau 6.21. 2 Go + 16 Go. téléphone portable 4G. 4200mAh;;smart phones
https://ae01.alicdn.com/kf/He9cf214501d04216afb9438b69e31023B/IN-STOCK-Global-Version-Black-Shark-4-5G-Gaming-Smart-Phone-6-67-Inch-Celular-NFC.jpg_220x220xz.jpg;//ae01.alicdn.com/kf/He9cf214501d04216afb9438b69e31023B/IN-STOCK-Global-Version-Black-Shark-4-5G-Gaming-Smart-Phone-6-67-Inch-Celular-NFC.jpg_220x220xz.jpg;;5 vendu(s);MAD 3.941.80;fr.aliexpress.com/item/1005003648912323.html;Téléphone portable Black Shark 4 5G Gaming. écran de 6.67 pouces. smartphone. Snapdragon. NFC. déclencheur magnétique Pop-Up. Version internationale. en STOCK;;smart phones
https://ae01.alicdn.com/kf/H546c491a036e443288de97bcdd0f9b89W/Original-New-ZTE-A601-Smartphone-1GB-RAM-8GB-ROM-4000mAh-5-0-Android-4GB-LTE-Mobile.jpg_220x220xz.jpg;//ae01.alicdn.com/kf/H546c491a036e443288de97bcdd0f9b89W/Original-New-ZTE-A601-Smartphone-1GB-RAM-8GB-ROM-4000mAh-5-0-Android-4GB-LTE-Mobile.jpg_220x220xz.jpg;;3 vendu(s);MAD 491.01;fr.aliexpress.com/item/1005003134907904.html;ZTE – téléphone portable A601. écran de 4000 pouces. Smartphone. mémoire de 1GB et 8GB de ROM. batterie de 5.0 mAh. Android. 4GB LTE. Quad Core. caméra de 8mp. bon marché;;smart phones
https://ae01.alicdn.com/kf/H3672a9be85c444f4890b54583ca05adcy/DOOGEE-S59-Pro-Smartphone-10050mAh-Super-Battery-IP68-IP69K-4-128GB-NFC-Rugged-Smart-phone-2W.jpg_220x220xz.jpg;//ae01.alicdn.com/kf/H3672a9be85c444f4890b54583ca05adcy/DOOGEE-S59-Pro-Smartphone-10050mAh-Super-Battery-IP68-IP69K-4-128GB-NFC-Rugged-Smart-phone-2W.jpg_220x220xz.jpg;;368 vendu(s);MAD 1.683.20;fr.aliexpress.com/item/1005001802272903.html;DOOGEE S59 Pro smartphone. 4 go. 10050 go. 128 mAh. robuste. NFC. Super batterie. IP68/IP69K. 2W. haut-parleur de Volume;;smart phones
https://ae01.alicdn.com/kf/Hcc78c57385cf4580bd2b2dc5cafb28747/CONQUEST-F2-Little-F2-Mini-IP68-Rugged-Smartphones-Mini-Smartphone-IP68-Smart-Phone-NFC-Android-Smartphone.jpg_220x220xz.jpg;//ae01.alicdn.com/kf/Hcc78c57385cf4580bd2b2dc5cafb28747/CONQUEST-F2-Little-F2-Mini-IP68-Rugged-Smartphones-Mini-Smartphone-IP68-Smart-Phone-NFC-Android-Smartphone.jpg_220x220xz.jpg;;9 vendu(s);MAD 2.047.95;fr.aliexpress.com/item/4001249503265.html;Quest – Smartphone F2 Little F2 Mini. téléphone portable robuste. IP68. NFC. Android. débloqué;;smart phones
https://ae01.alicdn.com/kf/H67ed5a767a4c4a8aabf64d35cb89ce2eu/Flip-dual-screen-3-0-original-flip-russian-keyboard-cheap-senior-touch-mobile-phone-Phone-Elder.jpg_220x220xz.jpg;//ae01.alicdn.com/kf/H67ed5a767a4c4a8aabf64d35cb89ce2eu/Flip-dual-screen-3-0-original-flip-russian-keyboard-cheap-senior-touch-mobile-phone-Phone-Elder.jpg_220x220xz.jpg;;90 vendu(s);MAD 348.45;fr.aliexpress.com/item/32798398603.html;Téléphone portable à clapet double écran 3.0 pouces. clavier russe d'origine. bon marché;;smart phones
https://ae01.alicdn.com/kf/Sb4cb7d47f04d4788b0b5f4322ce80a31j/F150-B2021-NFC-IP68-Waterproof-Rugged-Smartphone-13MP-Quad-Cameras-5-86-6GB-64GB-8000mAh-Android.jpg_220x220xz.jpg;//ae01.alicdn.com/kf/Sb4cb7d47f04d4788b0b5f4322ce80a31j/F150-B2021-NFC-IP68-Waterproof-Rugged-Smartphone-13MP-Quad-Cameras-5-86-6GB-64GB-8000mAh-Android.jpg_220x220xz.jpg;;210 vendu(s);MAD 1.437.84;fr.aliexpress.com/item/1005002029129071.html;Téléphone portable robuste et étanche F150 B2021. Smartphone. NFC. IP68. caméras Quad 13mp. 5.86 pouces. 6 go + 64 go. 8000mAh. Android 10.0. Octa Core;;smart phones
https://ae01.alicdn.com/kf/H967054a4d0864702ab3712c7c10ac230W/BlackBerry-Z30-Refurbished-Original-Z30-Mobile-Phone-Dual-core-4G-WiFi-8MP-5-0-16GB-ROM.jpg_220x220xz.jpg;//ae01.alicdn.com/kf/H967054a4d0864702ab3712c7c10ac230W/BlackBerry-Z30-Refurbished-Original-Z30-Mobile-Phone-Dual-core-4G-WiFi-8MP-5-0-16GB-ROM.jpg_220x220xz.jpg;;1 vendu(s);MAD 587.44;fr.aliexpress.com/item/4000842715430.html;BlackBerry – smartphone Z30 reconditionné. téléphone portable Original. Dual core. 4G. WiFi. 8MP. 5.0 pouces. 16 go de ROM. remis à neuf. livraison gratuite;;smart phones
https://ae01.alicdn.com/kf/S6acd7d81bc0d444982e5d56b1f0bd039D/Global-Version-Xiaomi-Redmi-9C-Mobile-Phone-32-64GB-ROM-MTK-Helio-G35-6-53-Waterdrop.jpg_220x220xz.jpg;//ae01.alicdn.com/kf/S6acd7d81bc0d444982e5d56b1f0bd039D/Global-Version-Xiaomi-Redmi-9C-Mobile-Phone-32-64GB-ROM-MTK-Helio-G35-6-53-Waterdrop.jpg_220x220xz.jpg;;1546 vendu(s);MAD 1.192.98;fr.aliexpress.com/item/4001321356652.html;Xiaomi – smartphone. Redmi 9C. ram 32 go. ROM 64 go. 6.53 . téléphone intelligent. terminal Mobile. MTK Helio G35. écran Waterdrop. batterie 5000mAh. Version internationale;;smart phones
https://ae01.alicdn.com/kf/U982e60cb89fe4fbb9926bf75c6aee207b/NOTE-20-U-Note20-6-9-Inch-Android-phone-IPS-Touch-Screen-Wifi-Telefonos-Moviles-Smartphone.png_220x220xz.png;//ae01.alicdn.com/kf/U982e60cb89fe4fbb9926bf75c6aee207b/NOTE-20-U-Note20-6-9-Inch-Android-phone-IPS-Touch-Screen-Wifi-Telefonos-Moviles-Smartphone.png_220x220xz.png;;13 vendu(s);MAD 1.073.68;fr.aliexpress.com/item/1005003425537656.html;NOTE 20 U + NOTE 20 – téléphone portable Android. écran tactile IPS de 6.9 pouces. Wifi. offre spéciale 2021;;smart phones
https://ae01.alicdn.com/kf/S6266f56e0283490993ed2bfbe7398b349/Global-Version-Infinix-Hot-10-Lite-Smart-Phone-6-6-HD-screen-5000mAh-Battery-1600-720P.jpg_220x220xz.jpg;//ae01.alicdn.com/kf/S6266f56e0283490993ed2bfbe7398b349/Global-Version-Infinix-Hot-10-Lite-Smart-Phone-6-6-HD-screen-5000mAh-Battery-1600-720P.jpg_220x220xz.jpg;;151 vendu(s);MAD 1.033.82;fr.aliexpress.com/item/1005001828577792.html;Infinix – smartphone Hot 10 Lite. Version globale. écran hd 6.6 pouces. batterie 5000mAh. caméra 13mp 1600x720P. Helio A20;;smart phones
https://ae01.alicdn.com/kf/H84bbd8947e8e429bb416351229ceea62o/DOOGEE-S86-Rugged-Smart-Phone-6GB-128GB-8500mAh-Super-Battery-Smartphone-IP68-IP69K-Mobile-Phone-HelioP60.jpg_220x220xz.jpg;//ae01.alicdn.com/kf/H84bbd8947e8e429bb416351229ceea62o/DOOGEE-S86-Rugged-Smart-Phone-6GB-128GB-8500mAh-Super-Battery-Smartphone-IP68-IP69K-Mobile-Phone-HelioP60.jpg_220x220xz.jpg;;363 vendu(s);MAD 1.533.77;fr.aliexpress.com/item/1005002115507320.html;DOOGEE S86 smartphone. téléphone portable robuste. 6GB + 128GB. 8500mAh. Super batterie. IP68/IP69K. HelioP60 Octa Core;;smart phones
https://ae01.alicdn.com/kf/He13aabd6960245e78d8f2e8ce06024d5i/Smallest-Smart-phone-Melrose-S9X-Ultrathin-Mini-mobile-MT6580A-X-Quad-Core-1GB-8GB-Android-6.jpg_220x220xz.jpg;//ae01.alicdn.com/kf/He13aabd6960245e78d8f2e8ce06024d5i/Smallest-Smart-phone-Melrose-S9X-Ultrathin-Mini-mobile-MT6580A-X-Quad-Core-1GB-8GB-Android-6.jpg_220x220xz.jpg;;77 vendu(s);MAD 445.28;fr.aliexpress.com/item/33054594923.html;Melrose – Mini smartphone ultra-mince S9X. téléphone portable. MT6580A/X Quad Core. 1 go 8 go. Android 6.0. S9 PLUS S9P;;smart phones
https://ae01.alicdn.com/kf/Ha757e85ee18b435c97e9920852273ae5k/Ulefone-Armor-7-Global-Version-IP68-IP69K-Rugged-Phone-Android-10-0-Helio-P90-Octa-Core.jpg_220x220xz.jpg;//ae01.alicdn.com/kf/Ha757e85ee18b435c97e9920852273ae5k/Ulefone-Armor-7-Global-Version-IP68-IP69K-Rugged-Phone-Android-10-0-Helio-P90-Octa-Core.jpg_220x220xz.jpg;;;MAD 2.733.91;fr.aliexpress.com/item/4000299658369.html;Ulefone – smartphone Armor 7. Version globale. IP68/IP69K. Android 10.0. Helio P90 Octa Core. 8 go + 128 go. Triple caméra 48mp. 5500mAh. NFC;;smart phones
https://ae01.alicdn.com/kf/Hc3b04ecf00a641a6967943ce505782176/For-Elderly-Man-2G-Feature-Phone-UNIWA-V171-GMS-Mobile-Phone-Wireless-FM-1000mAh-Cellphone-SOS.jpg_220x220xz.jpg;//ae01.alicdn.com/kf/Hc3b04ecf00a641a6967943ce505782176/For-Elderly-Man-2G-Feature-Phone-UNIWA-V171-GMS-Mobile-Phone-Wireless-FM-1000mAh-Cellphone-SOS.jpg_220x220xz.jpg;;2 vendu(s);MAD 208.67;fr.aliexpress.com/item/4001119134673.html;UNIWA – téléphone portable V171 GMS sans fil. FM. 1000mAh. avec écran 1.77 pouces. fonction SOS. station de charge gratuite. pour hommes âgés;;smart phones
https://ae01.alicdn.com/kf/U367717a3a5104f46811e38e2eaa92c36T/Cubot-J10-3G-Smartphone-Android-11-4-Inch-Screen-MINI-Mobile-Phones-32GB-ROM-Dual-SIM.jpg_220x220xz.jpg;//ae01.alicdn.com/kf/U367717a3a5104f46811e38e2eaa92c36T/Cubot-J10-3G-Smartphone-Android-11-4-Inch-Screen-MINI-Mobile-Phones-32GB-ROM-Dual-SIM.jpg_220x220xz.jpg;;;MAD 587.84;fr.aliexpress.com/item/1005004164440284.html;Cubot – Smartphone J10. téléphone portable 3G. Android 11. MINI. écran de 4 pouces. ROM de 32 go. double SIM. reconnaissance faciale. batterie de 2350mAh. caméra de 5mp;;smart phones
https://ae01.alicdn.com/kf/S15f058ef0a1d4519bb07545a3d44fb4be/Original-Samsung-Galaxy-Note20-Ultra-5G-N9860-Dual-Sim-98-New-12GB-RAM-256-512GB-ROM.jpg_220x220xz.jpg;//ae01.alicdn.com/kf/S15f058ef0a1d4519bb07545a3d44fb4be/Original-Samsung-Galaxy-Note20-Ultra-5G-N9860-Dual-Sim-98-New-12GB-RAM-256-512GB-ROM.jpg_220x220xz.jpg;;2 vendu(s);MAD 6.720.45;fr.aliexpress.com/item/1005003931628980.html;Samsung – smartphone Galaxy note 20 Ultra 5G N9860. téléphone portable avec double sim. 12 go de RAM. 98%/256 go de ROM. écran de 512 pouces. Snapdragon. NFC. nouveauté 6.9;;smart phones
https://ae01.alicdn.com/kf/Hc527498dfbae4a21b2161a68748e3ceeS/UMIDIGI-BISON-IP68-IP69K-Waterproof-Rugged-Phone-48MP-Matrix-Quad-Camera-6-3-FHD-Display-6GB.jpg_220x220xz.jpg;//ae01.alicdn.com/kf/Hc527498dfbae4a21b2161a68748e3ceeS/UMIDIGI-BISON-IP68-IP69K-Waterproof-Rugged-Phone-48MP-Matrix-Quad-Camera-6-3-FHD-Display-6GB.jpg_220x220xz.jpg;;84 vendu(s);MAD 1.590.54;fr.aliexpress.com/item/1005001615902626.html;UMIDIGI BISON – Smartphone robuste et étanche. téléphone IP68/IP69K. Android 10 avec caméra matrice Quad 48MP. affichage FHD+ de 6.3 pouces. NFC. 6 Go et 128 Go;;smart phones
https://ae01.alicdn.com/kf/H75270a08255043c48e9e8947280535c3P/Super-Slim-V1-3G-4G-Smart-Cellphones-5-5-Inch-Dual-SIM-Cards-4GB-64GB-Android.jpg_220x220xz.jpg;//ae01.alicdn.com/kf/H75270a08255043c48e9e8947280535c3P/Super-Slim-V1-3G-4G-Smart-Cellphones-5-5-Inch-Dual-SIM-Cards-4GB-64GB-Android.jpg_220x220xz.jpg;;1 vendu(s);MAD 759.83;fr.aliexpress.com/item/1005001313482865.html;Smartphone Super Slim V1. téléphone portable 3G/4G. écran de 5.5 pouces. double carte SIM. 4 go de ram. 64 go de rom. Android 6.0. MT6755 octa-core. 1920x1080 p;;smart phones
https://ae01.alicdn.com/kf/Sc8eb7da8cfed45b694654beb59ce690e7/Xiaomi-Mi-Max-3-MAX-2-MAX-1-6-9-inch-4G-RAM-64GB-ROM-Fingerprint.jpg_220x220xz.jpg;//ae01.alicdn.com/kf/Sc8eb7da8cfed45b694654beb59ce690e7/Xiaomi-Mi-Max-3-MAX-2-MAX-1-6-9-inch-4G-RAM-64GB-ROM-Fingerprint.jpg_220x220xz.jpg;;7 vendu(s);MAD 805.26;fr.aliexpress.com/item/1005004170531950.html;Xiaomi – téléphone portable Mi Max 3 MAX 2 MAX 1. écran de 6.9 pouces. 4 go de RAM. 64 go de ROM. lecteur d'empreinte digitale. 4G. Android;;smart phones
https://ae01.alicdn.com/kf/S6d0a8b50096c47d59e6cf1c121a42e4ci/In-Stock-Global-Version-Xiaomi-Redmi-Note-9S-4GB-Ram-64GB-Smartphone-Smart-Cell-Phones-Snapdragon.jpg_220x220xz.jpg;//ae01.alicdn.com/kf/S6d0a8b50096c47d59e6cf1c121a42e4ci/In-Stock-Global-Version-Xiaomi-Redmi-Note-9S-4GB-Ram-64GB-Smartphone-Smart-Cell-Phones-Snapdragon.jpg_220x220xz.jpg;;2 vendu(s);MAD 1.938.59;fr.aliexpress.com/item/1005003395193077.html;Xiaomi – Smartphone. Redmi Note 9S. Ram 4 go. rom 64 go. 720 FHD. dot display. téléphone intelligent. terminal mobile. Snapdragon 6.67G. Version internationale. en Stock;;smart phones
https://ae01.alicdn.com/kf/S5d097433b84b40aba9548aa1277d5957F/-In-Stock-UMIDIGI-BISON-GT-IP68-IP69K-Helio-G95-8GB-128GB-Rugged-Smart-Phone-64MP.jpg_220x220xz.jpg;//ae01.alicdn.com/kf/S5d097433b84b40aba9548aa1277d5957F/-In-Stock-UMIDIGI-BISON-GT-IP68-IP69K-Helio-G95-8GB-128GB-Rugged-Smart-Phone-64MP.jpg_220x220xz.jpg;;137 vendu(s);MAD 2.508.54;fr.aliexpress.com/item/1005003295949384.html;UMIDIGI BISON GT – téléphone portable robuste. IP68/IP69K Helio G95. 8 go 128 go. caméra AI Quad 64mp. 6.67 pouces FHD. chargeur 33W;;smart phones
https://ae01.alicdn.com/kf/H77b9d21d35b24f71aca6a85f5bfb090aq/LG-G5-Refurbished-Original-Unlocked-H820-H830-H840-Quad-Core-Mobile-Phone-4GB-RAM-32GB-ROM.jpg_220x220xz.jpg;//ae01.alicdn.com/kf/H77b9d21d35b24f71aca6a85f5bfb090aq/LG-G5-Refurbished-Original-Unlocked-H820-H830-H840-Quad-Core-Mobile-Phone-4GB-RAM-32GB-ROM.jpg_220x220xz.jpg;;3 vendu(s);MAD 696.80;fr.aliexpress.com/item/1005002657584494.html;LG – smartphone G5 H820 H830 H850 Quad Core. téléphone portable reconditionné et Original débloqué. 4 go de RAM. 32 go de ROM. écran 5.3 pouces QHD IPS. caméra 16mp;;smart phones
https://ae01.alicdn.com/kf/Hbddfe67885744390b226926faf20a14cz/Original-Realme-GT-5G-smart-phone-Google-Play-120Hz-6-43-Super-AMOLED-Snapdragon-888-Glass.jpg_220x220xz.jpg;//ae01.alicdn.com/kf/Hbddfe67885744390b226926faf20a14cz/Original-Realme-GT-5G-smart-phone-Google-Play-120Hz-6-43-Super-AMOLED-Snapdragon-888-Glass.jpg_220x220xz.jpg;;134 vendu(s);MAD 3.678.26;fr.aliexpress.com/item/1005002347119342.html;Realme – smartphone. GT. 5G. 120Hz. 6.43 . Super AMOLED. téléphone intelligent. terminal mobile. Google Play. processeur Snapdragon 888. écran en verre. batterie 4500mAh. recharge rapide 65W. NFC;;smart phones
https://ae01.alicdn.com/kf/H8c775e3cd8d0463c8190a5209bef30f1v/New-DOOGEE-S58-Pro-Mobile-Phone-IP68-IP69K-Waterproof-Rugged-Phone-5180mAh-5-71-FHD-Display.jpg_220x220xz.jpg;//ae01.alicdn.com/kf/H8c775e3cd8d0463c8190a5209bef30f1v/New-DOOGEE-S58-Pro-Mobile-Phone-IP68-IP69K-Waterproof-Rugged-Phone-5180mAh-5-71-FHD-Display.jpg_220x220xz.jpg;;258 vendu(s);MAD 1.397.97;fr.aliexpress.com/item/1005001290983103.html;DOOGEE – Smartphone S58 Pro. téléphone portable robuste et étanche. IP68/IP69K. 5180mAh. écran FHD + de 5.71 pouces. 6 go + 64 go. Android 10. NFC. nouveau;;smart phones
