images;Image url;Max Price;Number of sold items;Price;Product Details Url;Product Title
https://ae01.alicdn.com/kf/Sa4eda19de70a4d499d7e9e7ef5e13541e/30inch-13x4-HD-Transparent-Lace-Front-Wigs-Body-Wave-Lace-Frontal-Wig-For-Women-4x4-Lace.jpg_220x220xz.jpg;//ae01.alicdn.com/kf/Sa4eda19de70a4d499d7e9e7ef5e13541e/30inch-13x4-HD-Transparent-Lace-Front-Wigs-Body-Wave-Lace-Frontal-Wig-For-Women-4x4-Lace.jpg_220x220xz.jpg;;376 vendu(s);MAD 2.032.34;fr.aliexpress.com/item/32868115766.html;Jarin − perruque naturelle. cheveux humains. 30 pouces. 13x4. Lace Frontal Wig. Transparent HD. 4x4. bon marché. pour femmes
https://ae01.alicdn.com/kf/S17ba57767cf54cd09d8ab8f44ac878b7x/Chocolate-Candy-Melting-Pot-DIY-Scented-Candle-Butter-Handmade-DIY-Tool-Cholocate-Heater-Cheese-Fondue-Pot.jpg_220x220xz.jpg;//ae01.alicdn.com/kf/S17ba57767cf54cd09d8ab8f44ac878b7x/Chocolate-Candy-Melting-Pot-DIY-Scented-Candle-Butter-Handmade-DIY-Tool-Cholocate-Heater-Cheese-Fondue-Pot.jpg_220x220xz.jpg;;24 vendu(s);MAD 71.38;fr.aliexpress.com/item/1005003728213767.html;Pot de fusion électrique pour chocolat. bonbons. bricolage. parfumé. bougie. beurre. fait-main. chauffage du chocolat. du fromage
https://ae01.alicdn.com/kf/H9eedab9063874c87a78b20f3c1352cd5J/Commercial-Electric-Chocolate-Melting-Machine-Genuine-Chocolate-Melting-Furnace-chocolate-tempering-machine-Chocolate.png_220x220xz.png;//ae01.alicdn.com/kf/H9eedab9063874c87a78b20f3c1352cd5J/Commercial-Electric-Chocolate-Melting-Machine-Genuine-Chocolate-Melting-Furnace-chocolate-tempering-machine-Chocolate.png_220x220xz.png;;8 vendu(s);MAD 735.27;fr.aliexpress.com/item/4001290771112.html;Appareil électrique Commercial pour faire fondre du chocolat. four pour faire fondre du chocolat authentique. appareil de trempage
https://ae01.alicdn.com/kf/H20cebccf25a1457bbb318007f53485bcs/Candy-Mold-Silicone-Chocolate-Mold-Small-Square-Candy-Molds-Silicone-Candy-Moulds-Polymer-Clay-Molds-Biscuit.jpg_220x220xz.jpg;//ae01.alicdn.com/kf/H20cebccf25a1457bbb318007f53485bcs/Candy-Mold-Silicone-Chocolate-Mold-Small-Square-Candy-Molds-Silicone-Candy-Moulds-Polymer-Clay-Molds-Biscuit.jpg_220x220xz.jpg;;1613 vendu(s);MAD 9.95;fr.aliexpress.com/item/4000577205557.html;Moule à bonbons en silicone. petits moulages à chocolat carrés. en argile polymère. pour biscuits
https://ae01.alicdn.com/kf/S156d7b3a6f334e25818a2823b44cdfa4z/9-Cavity-Silicone-Chocolate-Mold-Jelly-Mould-For-Epoxy-Ice-Tray-Fondant-Cake-Decorating-Candy-Tool.jpg_220x220xz.jpg;//ae01.alicdn.com/kf/S156d7b3a6f334e25818a2823b44cdfa4z/9-Cavity-Silicone-Chocolate-Mold-Jelly-Mould-For-Epoxy-Ice-Tray-Fondant-Cake-Decorating-Candy-Tool.jpg_220x220xz.jpg;;90 vendu(s);MAD 9.94;fr.aliexpress.com/item/1005003969263510.html;Moule à chocolat en Silicone à 9 cavités. moule à gelée pour plateau à glace en époxy. décoration de gâteau Fondant. outil de bonbons. fournitures de cuisson de cuisine
https://ae01.alicdn.com/kf/Sa3e1bf3c822c4bdfafdff226baeb1ab9H/Happy-Birthday-Cake-Topper-Flowers-Acrylic-Straw-Toppers-Cake-Decorating-Tools-Birthday-Anniversary-Party-Decorating-Supplies.jpg_220x220xz.jpg;//ae01.alicdn.com/kf/Sa3e1bf3c822c4bdfafdff226baeb1ab9H/Happy-Birthday-Cake-Topper-Flowers-Acrylic-Straw-Toppers-Cake-Decorating-Tools-Birthday-Anniversary-Party-Decorating-Supplies.jpg_220x220xz.jpg;;166 vendu(s);MAD 9.15;fr.aliexpress.com/item/1005002953725989.html;Décoration de gâteau d'anniversaire. fleurs. paille acrylique. outils de décoration de gâteau. fournitures de décoration de fête d'anniversaire
https://ae01.alicdn.com/kf/Hb80d560f7d214d8b8bd213ef8c1940e0E/Valentine-s-Day-Creative-Wooden-Love-Flower-Cake-Toppers-Gardenia-Wedding-Baking-Cake-Toppers-Valentine-s.jpg_220x220xz.jpg;//ae01.alicdn.com/kf/Hb80d560f7d214d8b8bd213ef8c1940e0E/Valentine-s-Day-Creative-Wooden-Love-Flower-Cake-Toppers-Gardenia-Wedding-Baking-Cake-Toppers-Valentine-s.jpg_220x220xz.jpg;;33 vendu(s);MAD 15.41;fr.aliexpress.com/item/1005003634776589.html;Décoration de gâteau en bois pour la saint-valentin. fleurs d'amour créatives. décoration de mariage. gardénia
https://ae01.alicdn.com/kf/Hdaf78bb99d62493fa97ccaab09a8c76aA/13x6-HD-Transparent-Body-Wave-Lace-Front-Human-Hair-Wigs-For-Black-Women-360-Lace-Frontal.jpg_220x220xz.jpg;//ae01.alicdn.com/kf/Hdaf78bb99d62493fa97ccaab09a8c76aA/13x6-HD-Transparent-Body-Wave-Lace-Front-Human-Hair-Wigs-For-Black-Women-360-Lace-Frontal.jpg_220x220xz.jpg;;817 vendu(s);MAD 1.109.97;fr.aliexpress.com/item/1005002989746251.html;Perruque de Cheveux Humains de 30 Pouces. Dentelle à Fermeture Frontale Transparente HD. Vague de Corps. Partie Profonde. 360. 13x 6. 4x 4. pour Femme Noire
https://ae01.alicdn.com/kf/Sa70ee9aa421a43eaae2accf0cd9c9fadk/1-pieceNew-Lollipop-mould-bakeware-chocolate-molds-cooking-tools-silicon-ice-Mould-Tool-Fondant-Cake-Decorating.jpg_220x220xz.jpg;//ae01.alicdn.com/kf/Sa70ee9aa421a43eaae2accf0cd9c9fadk/1-pieceNew-Lollipop-mould-bakeware-chocolate-molds-cooking-tools-silicon-ice-Mould-Tool-Fondant-Cake-Decorating.jpg_220x220xz.jpg;;11 vendu(s);MAD 28.33;fr.aliexpress.com/item/1005001477850294.html;Moule à sucettes 1 pièce. ustensiles de cuisson. moules à chocolat. outils de cuisson. moule à glace en silicone. outils de décoration de gâteau Fondant
https://ae01.alicdn.com/kf/Hcacb16ec864d4a42add0ef6df8402d6a0/100pcs-Square-Aluminum-Foil-Wrappers-Colorful-Package-for-Sweets-Candy-Chocolate-Lollipops.jpg_220x220xz.jpg;//ae01.alicdn.com/kf/Hcacb16ec864d4a42add0ef6df8402d6a0/100pcs-Square-Aluminum-Foil-Wrappers-Colorful-Package-for-Sweets-Candy-Chocolate-Lollipops.jpg_220x220xz.jpg;;46 vendu(s);MAD 6.56;fr.aliexpress.com/item/4000706728238.html;Emballage carré en feuille d'aluminium coloré. 100 pièces. pour bonbons. sucettes au chocolat
https://ae01.alicdn.com/kf/S0ded98a5f7e1470ebd83c87647081bfd8/5pcs-Candy-Dipping-Tools-Chocolate-Dipping-Fork-Spoons-Set-Culinary-Decorating-Spoons-Chef-Art-Pencil-For.jpg_220x220xz.jpg;//ae01.alicdn.com/kf/S0ded98a5f7e1470ebd83c87647081bfd8/5pcs-Candy-Dipping-Tools-Chocolate-Dipping-Fork-Spoons-Set-Culinary-Decorating-Spoons-Chef-Art-Pencil-For.jpg_220x220xz.jpg;;130 vendu(s);MAD 16.65;fr.aliexpress.com/item/1005003234048611.html;Ensemble de cuillères à tremper chocolat. outils pour bonbons. fourchettes à tremper chocolat. cuillères de décoration culinaire. crayon d'art de Chef pour assiettes décoratives 5 pièces
https://ae01.alicdn.com/kf/Hb4a97c4c37a04b33bd84fb57cff6fab5I/100pcs-Chocolate-Cute-For-Sweets-Package-100pcs-Foil-Candy-Paper-Aluminum-Wrappers-10-Colors-Christmas-Party.jpg_220x220xz.jpg;//ae01.alicdn.com/kf/Hb4a97c4c37a04b33bd84fb57cff6fab5I/100pcs-Chocolate-Cute-For-Sweets-Package-100pcs-Foil-Candy-Paper-Aluminum-Wrappers-10-Colors-Christmas-Party.jpg_220x220xz.jpg;;79 vendu(s);MAD 12.03;fr.aliexpress.com/item/1005001419267399.html;Emballage de bonbons en aluminium. chocolat mignon. 10 couleurs. décor de fête de noël et d'anniversaire. 100 pièces. 100 pièces
https://ae01.alicdn.com/kf/Sd1739f9d3096428a99ed67eca6774f368/Long-Handle-Wax-Melting-Stainless-Steel-Pot-DIY-Scented-Candle-Soap-Chocolate-Butter-Handmade-Soap-Tool.jpg_220x220xz.jpg;//ae01.alicdn.com/kf/Sd1739f9d3096428a99ed67eca6774f368/Long-Handle-Wax-Melting-Stainless-Steel-Pot-DIY-Scented-Candle-Soap-Chocolate-Butter-Handmade-Soap-Tool.jpg_220x220xz.jpg;;2 vendu(s);MAD 12.82;fr.aliexpress.com/item/1005003818625458.html;Cire à Long manche. Pot en acier inoxydable. bougie parfumée. bricolage. savon. beurre de chocolat. outil de savon fait à la main. outils de cuisson antiadhésifs
https://ae01.alicdn.com/kf/S18284de4ff014ab597ae8ff764928e965/Adjustable-Hand-hold-Funnel-Chocolate-Candy-Confectionery-Mold-Pastry-Cream-Biscuit-Cupcake-Pancake-Maker-Kitchen-Baking.png_220x220xz.png;//ae01.alicdn.com/kf/S18284de4ff014ab597ae8ff764928e965/Adjustable-Hand-hold-Funnel-Chocolate-Candy-Confectionery-Mold-Pastry-Cream-Biscuit-Cupcake-Pancake-Maker-Kitchen-Baking.png_220x220xz.png;;;MAD 6.96;fr.aliexpress.com/item/1005004254696878.html;Moule de confiserie à bonbons et chocolat. entonnoir réglable à main. moule de pâtisserie. crème. Biscuit. Cupcake. Pancake. fournitures de cuisson de cuisine
https://ae01.alicdn.com/kf/Hcecc497dfa9e49fc94397cf5880e16daT/Hot-Sale-Cute-3D-Rose-Flower-Fondant-Cake-Chocolate-Sugarcraft-Mold-Cutter-Silicone-Cake-Decorative-Tools.jpg_220x220xz.jpg;//ae01.alicdn.com/kf/Hcecc497dfa9e49fc94397cf5880e16daT/Hot-Sale-Cute-3D-Rose-Flower-Fondant-Cake-Chocolate-Sugarcraft-Mold-Cutter-Silicone-Cake-Decorative-Tools.jpg_220x220xz.jpg;;152 vendu(s);MAD 5.77;fr.aliexpress.com/item/4000366479469.html;Moule en silicone avec jolies formes en 3D pour décoration de gâteau.emporte-pièce idéal pour fondant au chocolat et pâte à sucre. outils décoratifs pour gâteaux. offre spéciale
https://ae01.alicdn.com/kf/Hfcf154ab415b4935beadcc7401fc510ei/Donut-Dispensers-Doughnut-Maker-Batter-Dispenser-Cake-DIY-Baking-Tools-Kitchen-Manual-Gadget-Tools-for-Chocolate.jpg_220x220xz.jpg;//ae01.alicdn.com/kf/Hfcf154ab415b4935beadcc7401fc510ei/Donut-Dispensers-Doughnut-Maker-Batter-Dispenser-Cake-DIY-Baking-Tools-Kitchen-Manual-Gadget-Tools-for-Chocolate.jpg_220x220xz.jpg;;5 vendu(s);MAD 5.47;fr.aliexpress.com/item/4001158978194.html;Distributeur de donuts et de pâte à donuts. outils de cuisson pour gâteaux. gadgets manuels de cuisine pour crêpes et crème au chocolat
https://ae01.alicdn.com/kf/S1d27d9f25c734dd0a02e1ce7db46a688F/Chocolate-Dipping-Tool-DIY-Candy-Caker-Fruit-Fondue-Decorating-Fork-Kit.jpg_220x220xz.jpg;//ae01.alicdn.com/kf/S1d27d9f25c734dd0a02e1ce7db46a688F/Chocolate-Dipping-Tool-DIY-Candy-Caker-Fruit-Fondue-Decorating-Fork-Kit.jpg_220x220xz.jpg;;1 vendu(s);MAD 5.37;fr.aliexpress.com/item/1005004095655222.html;Outil de trempage au chocolat. bricolage. gâteau à bonbons. fourchette de décoration pour Fondue aux fruits
https://ae01.alicdn.com/kf/Ha5734dcf20604ca8963f24bc576f1f318/6-Pcs-Set-Chocolate-Dipping-Tool-DIY-Candy-Caker-Fruit-Fondue-Decorating-Fork-Kit-B88.jpg_220x220xz.jpg;//ae01.alicdn.com/kf/Ha5734dcf20604ca8963f24bc576f1f318/6-Pcs-Set-Chocolate-Dipping-Tool-DIY-Candy-Caker-Fruit-Fondue-Decorating-Fork-Kit-B88.jpg_220x220xz.jpg;;179 vendu(s);MAD 45.13;fr.aliexpress.com/item/4000408136393.html;Kit d'outils de trempage pour chocolat. 6 pièces/ensemble. DIY. gâteau aux bonbons. décoration de fruits. pour Fondue. fourchettes B88
https://ae01.alicdn.com/kf/S09a4d5eb1bfd47aa8f77e75584f0e378u/Cake-Decorating-Pens-Candy-Chocolate-DIY-Silicone-Piping-Tips-Pastry-Chocolate-Writing-Pen-Cookie-Cream-Food.jpg_220x220xz.jpg;//ae01.alicdn.com/kf/S09a4d5eb1bfd47aa8f77e75584f0e378u/Cake-Decorating-Pens-Candy-Chocolate-DIY-Silicone-Piping-Tips-Pastry-Chocolate-Writing-Pen-Cookie-Cream-Food.jpg_220x220xz.jpg;;;MAD 16.60;fr.aliexpress.com/item/1005004126794006.html;Stylos de décoration de gâteaux. bonbons chocolat bricolage conseils de passepoil en Silicone pâtisserie chocolat stylo d'écriture crème cookies aliments
https://ae01.alicdn.com/kf/Hcc88f1a5295e4371b274fc624b16d133p/Stainless-Steel-Chocolate-Butter-Melt-Ting-Bowl-Long-Grip-Handle-Heating-Pot-DIY-Kitchen-Pastry-Cooking.jpg_220x220xz.jpg;//ae01.alicdn.com/kf/Hcc88f1a5295e4371b274fc624b16d133p/Stainless-Steel-Chocolate-Butter-Melt-Ting-Bowl-Long-Grip-Handle-Heating-Pot-DIY-Kitchen-Pastry-Cooking.jpg_220x220xz.jpg;;;MAD 13.32;fr.aliexpress.com/item/1005003818588515.html;Bol en acier inoxydable pour fondre le chocolat et le beurre. Pot chauffant à longue poignée. pâtisserie de cuisine. Dessert. outils de cuisson
https://ae01.alicdn.com/kf/HTB1ptm7OpXXXXbraXXXq6xXFXXXT/100Pcs-Solid-Core-Paper-Lollipop-Sticks-70mm-3mm-Stick-Lolly-for-Fondant-Candy-Chocolate-Cake-Pop.jpg_220x220xz.jpg;//ae01.alicdn.com/kf/HTB1ptm7OpXXXXbraXXXq6xXFXXXT/100Pcs-Solid-Core-Paper-Lollipop-Sticks-70mm-3mm-Stick-Lolly-for-Fondant-Candy-Chocolate-Cake-Pop.jpg_220x220xz.jpg;;38 vendu(s);MAD 5.77;fr.aliexpress.com/item/32773659854.html;Bâtonnets à sucettes en papier. noyau solide. 70mm x 3mm. pour Fondant. bonbons. chocolat. Pop Cupcakes. fabrication moule E008. 100 pièces
https://ae01.alicdn.com/kf/H8a1cea02faac4a0ba13cfc7a9f7bea4cO/Cake-Cupcake-Decoration-Silicone-Cake-Mould-Happy-Birthday-Letter-Print-Mold-Fondant-Chocolate-Mold-Gifts-For.jpg_220x220xz.jpg;//ae01.alicdn.com/kf/H8a1cea02faac4a0ba13cfc7a9f7bea4cO/Cake-Cupcake-Decoration-Silicone-Cake-Mould-Happy-Birthday-Letter-Print-Mold-Fondant-Chocolate-Mold-Gifts-For.jpg_220x220xz.jpg;;47 vendu(s);MAD 8.15;fr.aliexpress.com/item/1005001949219450.html;Moule à gâteau en Silicone. décoration de cupcakes. lettres imprimées joyeux anniversaire. Fondant. chocolat. cadeaux pour enfants
https://ae01.alicdn.com/kf/Hcf6a18e1b1cc4a4cb97cf68fcc1d493eD/50pcs-4ml-Transfer-Pipettes-Plastic-Squeeze-DropperDisposable-For-Strawberry-Cupcake-Chocolate-Ice-Cream-Dessert-Making-Tool.jpg_220x220xz.jpg;//ae01.alicdn.com/kf/Hcf6a18e1b1cc4a4cb97cf68fcc1d493eD/50pcs-4ml-Transfer-Pipettes-Plastic-Squeeze-DropperDisposable-For-Strawberry-Cupcake-Chocolate-Ice-Cream-Dessert-Making-Tool.jpg_220x220xz.jpg;;77 vendu(s);MAD 13.72;fr.aliexpress.com/item/1005003062812282.html;Pipettes à presser en plastique. 4ml. 50 pièces. outil de préparation de desserts. glaces. chocolats. cupcakes. fraises
https://ae01.alicdn.com/kf/Sc3991b69aca14ef4832d1b976c43b9b4x/1-Pcs-Cake-Shape-Arabic-Font-Letter-Silicone-Cake-Mold-Diy-Chocolate-Fondant-Decorating-Kitchen.jpg_220x220xz.jpg;//ae01.alicdn.com/kf/Sc3991b69aca14ef4832d1b976c43b9b4x/1-Pcs-Cake-Shape-Arabic-Font-Letter-Silicone-Cake-Mold-Diy-Chocolate-Fondant-Decorating-Kitchen.jpg_220x220xz.jpg;;;MAD 9.74;fr.aliexpress.com/item/1005003913715702.html;Moule à gâteau en Silicone en forme de lettres arabes. 1 pièce. pour Fondant au chocolat. décoration de cuisine
https://ae01.alicdn.com/kf/Sb60250a185524eb1ab865611628d92a7D/Silicone-Chocolate-Mould-10-Even-Racing-Toys-Epoxy-Cake-Mould-DIY-Ice-Tray-Baking-Candy-Mould.jpg_220x220xz.jpg;//ae01.alicdn.com/kf/Sb60250a185524eb1ab865611628d92a7D/Silicone-Chocolate-Mould-10-Even-Racing-Toys-Epoxy-Cake-Mould-DIY-Ice-Tray-Baking-Candy-Mould.jpg_220x220xz.jpg;;;MAD 18.69;fr.aliexpress.com/item/1005004290034185.html;Moule à chocolat en Silicone. 10 pièces. jouets de course. moule à gâteau époxy. plateau de glace. cuisson de bonbons. accessoires de cuisine. décoration
https://ae01.alicdn.com/kf/Hf61ad79ec4254506b1eebaaa178774bar/Handheld-Foamer-Coffee-Maker-Egg-Beater-Electric-Handle-Milk-Frother-Chocolate-Cappuccino-Stirrer-Mini-Blender-Kitchen.jpg_220x220xz.jpg;//ae01.alicdn.com/kf/Hf61ad79ec4254506b1eebaaa178774bar/Handheld-Foamer-Coffee-Maker-Egg-Beater-Electric-Handle-Milk-Frother-Chocolate-Cappuccino-Stirrer-Mini-Blender-Kitchen.jpg_220x220xz.jpg;;1 vendu(s);MAD 19.78;fr.aliexpress.com/item/1005003287151919.html;Mousseur à café à main. batteur d'œufs à poignée électrique. mousseur à lait. agitateur à chocolat/Cappuccino. Mini mélangeur. fouet de cuisine
https://ae01.alicdn.com/kf/S9dd30b03e1974a81b67b4fc7a5b2626ec/Non-stick-Silicone-Chocolate-Mold-Baking-Mold-Ice-Cream-Candy-Making-Mould-Baking-Tools-Wax-Melt.jpg_220x220xz.jpg;//ae01.alicdn.com/kf/S9dd30b03e1974a81b67b4fc7a5b2626ec/Non-stick-Silicone-Chocolate-Mold-Baking-Mold-Ice-Cream-Candy-Making-Mould-Baking-Tools-Wax-Melt.jpg_220x220xz.jpg;;;MAD 14.51;fr.aliexpress.com/item/1005004290024454.html;Moule à chocolat en Silicone antiadhésif. moule de cuisson. pour crème glacée. fabrication de bonbons. outils de cuisson. pour faire fondre la cire. pour les cadeaux de fête et de vacances
https://ae01.alicdn.com/kf/H3436cf83d7df404fb5c3a7456ad468d4c/1-Pc-Cake-Mold-Arabic-Font-Letter-Silicone-Cake-Mold-DIY-Chocolate-Fondant-Decorating-Kitchen.jpg_220x220xz.jpg;//ae01.alicdn.com/kf/H3436cf83d7df404fb5c3a7456ad468d4c/1-Pc-Cake-Mold-Arabic-Font-Letter-Silicone-Cake-Mold-DIY-Chocolate-Fondant-Decorating-Kitchen.jpg_220x220xz.jpg;;251 vendu(s);MAD 13.82;fr.aliexpress.com/item/4000852090017.html;Moule à gâteau en Silicone avec lettres en caractères arabes. 1 pièce. pour décoration de chocolat et Fondant. DIY
https://ae01.alicdn.com/kf/Had97e935695648bf9d5eb1c901557ffdV/Edible-Gold-Powder-Mousse-Cake-Fondant-Macaron-Chocolate-Dessert-Drink-Garnish-Shimmer-Sparkle-Edible-Food-Dust.jpg_220x220xz.jpg;//ae01.alicdn.com/kf/Had97e935695648bf9d5eb1c901557ffdV/Edible-Gold-Powder-Mousse-Cake-Fondant-Macaron-Chocolate-Dessert-Drink-Garnish-Shimmer-Sparkle-Edible-Food-Dust.jpg_220x220xz.jpg;;1 vendu(s);MAD 19.88;fr.aliexpress.com/item/1005001569963847.html;Poudre d'or comestible Mousse gâteau Fondant Macaron chocolat Dessert boisson garnir Shimmer Sparkle nourriture comestible poussière 15g
https://ae01.alicdn.com/kf/HLB1B6wsXyDxK1RjSsphq6zHrpXa9/Spoon-PC-DIY-Handmade-Mold-Baking-Spoon-6-Chocolate-Molds-1-Iyengar-Tablespoon-Cake-Biscuit-Silicone.jpg_220x220xz.jpg;//ae01.alicdn.com/kf/HLB1B6wsXyDxK1RjSsphq6zHrpXa9/Spoon-PC-DIY-Handmade-Mold-Baking-Spoon-6-Chocolate-Molds-1-Iyengar-Tablespoon-Cake-Biscuit-Silicone.jpg_220x220xz.jpg;;4 vendu(s);MAD 11.73;fr.aliexpress.com/item/32949009521.html;Lot de 6 moules à chocolat faits bricolage main. 1 cuillère à soupe Iyengar en Silicone pour gâteau et Biscuit
https://ae01.alicdn.com/kf/S8f6a1406986a4c97a140cfa6c04dd9a59/Stainlessx-Steel-Chocolate-Butter-Milt-Melt-Ting-Bowl-Long-Grip-Handle-DIY-Pastry-Cooking-Dessert-Baking.jpg_220x220xz.jpg;//ae01.alicdn.com/kf/S8f6a1406986a4c97a140cfa6c04dd9a59/Stainlessx-Steel-Chocolate-Butter-Milt-Melt-Ting-Bowl-Long-Grip-Handle-DIY-Pastry-Cooking-Dessert-Baking.jpg_220x220xz.jpg;;;MAD 40.36;fr.aliexpress.com/item/1005004000363888.html;Inoxydable essx – bol en acier pour chocolat. beurre. lait. fondant. à longue poignée. bricolage. pâtisserie. Dessert. cuisson. outils de cuisine
https://ae01.alicdn.com/kf/S39882833e0a34838adef5da74dd1244eW/Baking-Accessories-Silicone-Fondant-Cake-Mold-Cupcake-Jelly-Candy-Chocolate-Cake-Decoration-Baking-Tool-Moulds-Pan.jpg_220x220xz.jpg;//ae01.alicdn.com/kf/S39882833e0a34838adef5da74dd1244eW/Baking-Accessories-Silicone-Fondant-Cake-Mold-Cupcake-Jelly-Candy-Chocolate-Cake-Decoration-Baking-Tool-Moulds-Pan.jpg_220x220xz.jpg;;18 vendu(s);MAD 17.40;fr.aliexpress.com/item/1005001561791669.html;Moule à gâteau Fondant en Silicone. accessoires de cuisson. Cupcake. gelée. bonbons. chocolat. décoration de gâteau. outil de cuisson. plateaux à casseroles
https://ae01.alicdn.com/kf/Hb84bdad261f8468485200376d6e8b5cen/Kitchen-Baking-Tool-Valentine-s-Day-Chocolate-Half-Piece-Shape-Silicone-Mould-DIY-Wedding-Decoration.jpg_220x220xz.jpg;//ae01.alicdn.com/kf/Hb84bdad261f8468485200376d6e8b5cen/Kitchen-Baking-Tool-Valentine-s-Day-Chocolate-Half-Piece-Shape-Silicone-Mould-DIY-Wedding-Decoration.jpg_220x220xz.jpg;;7 vendu(s);MAD 9.84;fr.aliexpress.com/item/1005001585206537.html;Cuisine outil de cuisson chocolat demi-pièce forme liquide Silicone moule Fondant gâteau moule bricolage décoration de mariage
https://ae01.alicdn.com/kf/H9b271913f3a548c5ac7bfa0ca4e668b22/Tires-Wheel-Shape-Silicone-Cake-Mold-DIY-Sugar-Chocolate-Fondant-Cake-Cupcake-Baking-Mould-Kitchen-Tool.jpg_220x220xz.jpg;//ae01.alicdn.com/kf/H9b271913f3a548c5ac7bfa0ca4e668b22/Tires-Wheel-Shape-Silicone-Cake-Mold-DIY-Sugar-Chocolate-Fondant-Cake-Cupcake-Baking-Mould-Kitchen-Tool.jpg_220x220xz.jpg;;11 vendu(s);MAD 15.51;fr.aliexpress.com/item/4000152390021.html;Moule à gâteau en Silicone en forme de roue. bricolage sucre chocolat Fondant gâteau Cupcake. moule de cuisson. outil de cuisine pour la forme de gâteau en gomme
https://ae01.alicdn.com/kf/HTB1Yw8yXoKF3KVjSZFEq6xExFXaQ/Stainless-Chocolate-Butter-Melting-Pot-Pan-Home-Kitchen-Milk-Bowl-Double-Boiler-Dessert-Tools.jpg_220x220xz.jpg;//ae01.alicdn.com/kf/HTB1Yw8yXoKF3KVjSZFEq6xExFXaQ/Stainless-Chocolate-Butter-Melting-Pot-Pan-Home-Kitchen-Milk-Bowl-Double-Boiler-Dessert-Tools.jpg_220x220xz.jpg;;20 vendu(s);MAD 51.00;fr.aliexpress.com/item/33016861065.html;Casserole en acier inoxydable à double-fond.bain-marie. idéal pour faire fondre le chocolat et le beurre. bol à lait. outils pour desserts
https://ae01.alicdn.com/kf/H2a15b98751a040388b46786189ad2109p/Silicone-Letter-Mold-and-Russian-Number-Chocolate-Molds-with-Letters-Cake-Decora-667A.jpg_220x220xz.jpg;//ae01.alicdn.com/kf/H2a15b98751a040388b46786189ad2109p/Silicone-Letter-Mold-and-Russian-Number-Chocolate-Molds-with-Letters-Cake-Decora-667A.jpg_220x220xz.jpg;;7 vendu(s);MAD 6.36;fr.aliexpress.com/item/1005001359917878.html;Moule à chocolat en Silicone avec lettres et chiffres russes. décoration de gâteau. 667A
https://ae01.alicdn.com/kf/Hdba8b6b3a656469da544c2b6c98ea4c7Y/Silicone-Chocolate-Mold-Spoon-Shape-Jelly-Candy-Molds-DIY-Baking-Non-stick-Biscuit-Cake-Decorating-Tool.jpg_220x220xz.jpg;//ae01.alicdn.com/kf/Hdba8b6b3a656469da544c2b6c98ea4c7Y/Silicone-Chocolate-Mold-Spoon-Shape-Jelly-Candy-Molds-DIY-Baking-Non-stick-Biscuit-Cake-Decorating-Tool.jpg_220x220xz.jpg;;8 vendu(s);MAD 17.70;fr.aliexpress.com/item/1005001843448540.html;Moule à chocolat en Silicone en forme de cuillère. à bonbons en gelée. antiadhésif. outil de décoration de gâteaux. Gadgets de cuisine
https://ae01.alicdn.com/kf/H6c9ce849e5404add81adf65406ddadbdl/50pcs-4ml-Disposable-Pipettes-Plastic-Squeeze-Transfer-Pipettes-For-Strawberry-Cupcake-Ice-Cream-Chocolate-Lab-Dropper.jpg_220x220xz.jpg;//ae01.alicdn.com/kf/H6c9ce849e5404add81adf65406ddadbdl/50pcs-4ml-Disposable-Pipettes-Plastic-Squeeze-Transfer-Pipettes-For-Strawberry-Cupcake-Ice-Cream-Chocolate-Lab-Dropper.jpg_220x220xz.jpg;;1 vendu(s);MAD 30.82;fr.aliexpress.com/item/1005003070641186.html;Pipettes à presser jetables en plastique. 4ml. 50 pièces. pour Cupcake. fraise. crème glacée. compte-gouttes de laboratoire
https://ae01.alicdn.com/kf/H55fea93570c84f2fb2c94d88e4e6e793B/Kitchen-Accessories-Cake-Decoration-Baking-Tools-Dessert-Tools-Cooking-Tools-Chocolate-Funnel.jpg_220x220xz.jpg;//ae01.alicdn.com/kf/H55fea93570c84f2fb2c94d88e4e6e793B/Kitchen-Accessories-Cake-Decoration-Baking-Tools-Dessert-Tools-Cooking-Tools-Chocolate-Funnel.jpg_220x220xz.jpg;;;MAD 16.40;fr.aliexpress.com/item/1005004059542496.html;Entonnoir à chocolat. accessoires de cuisine. décoration de gâteaux. outils de cuisson. outils de desserts. outils de cuisine
https://ae01.alicdn.com/kf/Haad0c71c43d946049e154b99f58f3bc8d/50Pcs-4ml-Plastic-Squeeze-Transfer-Pipettes-Dropper-Disposable-Pipettes-For-Strawberry-Cupcake-Ice-Cream-Chocolate.jpg_220x220xz.jpg;//ae01.alicdn.com/kf/Haad0c71c43d946049e154b99f58f3bc8d/50Pcs-4ml-Plastic-Squeeze-Transfer-Pipettes-Dropper-Disposable-Pipettes-For-Strawberry-Cupcake-Ice-Cream-Chocolate.jpg_220x220xz.jpg;;418 vendu(s);MAD 19.37;fr.aliexpress.com/item/1005003084749652.html;Pipettes à presser jetables en plastique. 4ml. 50 pièces. compte-gouttes pour cupcakes aux fraises. crème glacée au chocolat
https://ae01.alicdn.com/kf/H8cbf53ed59b44360bc96115bffe216a01/Angel-Baby-Pink-Silicone-Mold-Chocolate-Candy-Molds-Fondant-Cake-Decorating-Tools-DIY-Cake-Pastry-Baking.jpg_220x220xz.jpg;//ae01.alicdn.com/kf/H8cbf53ed59b44360bc96115bffe216a01/Angel-Baby-Pink-Silicone-Mold-Chocolate-Candy-Molds-Fondant-Cake-Decorating-Tools-DIY-Cake-Pastry-Baking.jpg_220x220xz.jpg;;4 vendu(s);MAD 9.05;fr.aliexpress.com/item/4001115409719.html;Moule à bonbons en Silicone rose ange bébé. outils de décoration de gâteau Fondant. pâtisserie à faire soi-même. moules de cuisson
https://ae01.alicdn.com/kf/Hded9848a61c24b4db0c69797eb53334bd/4ml-Plastic-Squeeze-Transfer-Pipettes-Dropper-Disposable-Pipettes-For-Strawberry-Cupcake-Ice-Cream-Chocolate-Dessert-Tools.jpg_220x220xz.jpg;//ae01.alicdn.com/kf/Hded9848a61c24b4db0c69797eb53334bd/4ml-Plastic-Squeeze-Transfer-Pipettes-Dropper-Disposable-Pipettes-For-Strawberry-Cupcake-Ice-Cream-Chocolate-Dessert-Tools.jpg_220x220xz.jpg;;7 vendu(s);MAD 17.10;fr.aliexpress.com/item/1005002572204630.html;Pipettes à presser jetables en plastique. 4ml. compte-gouttes. pour cupcakes. fraises. crème glacée. chocolat. outils de Dessert
https://ae01.alicdn.com/kf/H1582f2256ffe486fbc2036e435cbc3c1G/1pcs-Christmas-Snowflake-Pattern-Silicone-Mold-Chocolate-Cake-Baking-Non-Stick-Variety-Of-Snowflake-Home-Baking.jpg_220x220xz.jpg;//ae01.alicdn.com/kf/H1582f2256ffe486fbc2036e435cbc3c1G/1pcs-Christmas-Snowflake-Pattern-Silicone-Mold-Chocolate-Cake-Baking-Non-Stick-Variety-Of-Snowflake-Home-Baking.jpg_220x220xz.jpg;;2 vendu(s);MAD 5.27;fr.aliexpress.com/item/1005002027686190.html;Moule à flocons de neige de noël en Silicone. 1 pièce. antiadhésif. pour la cuisson de gâteaux au chocolat. pour la maison
https://ae01.alicdn.com/kf/H3bd1e278e09944359360a7885e5d57dbh/21-Transparent-Plastic-Acrylic-Mold-Chocolate-Maker-Polycarbonate-PC-DIY-Diamond-Lip-Rose-Heart-Candy-Shape.jpg_220x220xz.jpg;//ae01.alicdn.com/kf/H3bd1e278e09944359360a7885e5d57dbh/21-Transparent-Plastic-Acrylic-Mold-Chocolate-Maker-Polycarbonate-PC-DIY-Diamond-Lip-Rose-Heart-Candy-Shape.jpg_220x220xz.jpg;;7 vendu(s);MAD 15.91;fr.aliexpress.com/item/1005002476902613.html;Moule en plastique Transparent en Polycarbonate. 21 pièces bricolage pour fabrication de chocolat. DIY. lèvres en diamant. Rose. cœur. en forme de bonbon
https://ae01.alicdn.com/kf/S63e27da19c4e4c21860b16fc1c89bcfc0/110V-230V-Electric-Chocolate-Melting-Machine-2-Pot-Water-Insulation-Heating-Chocolate-Melting-Pot-Warmer-Melter.jpg_220x220xz.jpg;//ae01.alicdn.com/kf/S63e27da19c4e4c21860b16fc1c89bcfc0/110V-230V-Electric-Chocolate-Melting-Machine-2-Pot-Water-Insulation-Heating-Chocolate-Melting-Pot-Warmer-Melter.jpg_220x220xz.jpg;;1 vendu(s);MAD 1.153.21;fr.aliexpress.com/item/1005004092528888.html;Machine à fondre le chocolat électrique. 110V/ 230V. 2 pots. isolation de l'eau. chauffage. qualité supérieure
https://ae01.alicdn.com/kf/H7710d807b0e041ac9ad3984c81a4ab98d/Silicone-Mango-Shape-Cake-Decorating-Tools-Chocolates-Mold-Quenelles-Mold-Baking-Desserts-Moulds-Kitchen-Accessories-Gadgets.jpeg_220x220xz.jpeg;//ae01.alicdn.com/kf/H7710d807b0e041ac9ad3984c81a4ab98d/Silicone-Mango-Shape-Cake-Decorating-Tools-Chocolates-Mold-Quenelles-Mold-Baking-Desserts-Moulds-Kitchen-Accessories-Gadgets.jpeg_220x220xz.jpeg;;3 vendu(s);MAD 54.78;fr.aliexpress.com/item/1005003396854668.html;Moules à chocolats et Desserts en Silicone en forme de mangue. outils de décoration de gâteaux. accessoires de cuisine. Gadgets
https://ae01.alicdn.com/kf/H144b538e523242f78fc0b3704f592e4e2/3-PCS-Stainless-Steel-Dipping-Chocolate-Fork-Non-Stick-Candy-Dipping-Fork-Decoration-Kitchen-Cooking-Dessert.png_220x220xz.png;//ae01.alicdn.com/kf/H144b538e523242f78fc0b3704f592e4e2/3-PCS-Stainless-Steel-Dipping-Chocolate-Fork-Non-Stick-Candy-Dipping-Fork-Decoration-Kitchen-Cooking-Dessert.png_220x220xz.png;;9 vendu(s);MAD 30.22;fr.aliexpress.com/item/1005002953925964.html;Fourchette à tremper en acier inoxydable. fourchette à chocolat antiadhésive décoration cuisine outils à Dessert accessoires 3 pièces
https://ae01.alicdn.com/kf/H88de6fd708a44846ab84592d488aea01C/Cake-Decoration-Chocolate-Funnel-Baking-Tools-Kitchen-Accessories-Cooking-Tools-Dessert-Tools.jpg_220x220xz.jpg;//ae01.alicdn.com/kf/H88de6fd708a44846ab84592d488aea01C/Cake-Decoration-Chocolate-Funnel-Baking-Tools-Kitchen-Accessories-Cooking-Tools-Dessert-Tools.jpg_220x220xz.jpg;;1 vendu(s);MAD 18.09;fr.aliexpress.com/item/4000809359734.html;Entonnoir à chocolat pour décoration de gâteaux. outils de cuisson. accessoires de cuisine. outils pour Dessert
https://ae01.alicdn.com/kf/H96fe850ee6194f21b8c583937e66c046J/Handmade-soap-molds-baby-with-bear-doll-mold-silicone-mold-chocolate-cake-baking-moulds.jpg_220x220xz.jpg;//ae01.alicdn.com/kf/H96fe850ee6194f21b8c583937e66c046J/Handmade-soap-molds-baby-with-bear-doll-mold-silicone-mold-chocolate-cake-baking-moulds.jpg_220x220xz.jpg;;1 vendu(s);MAD 137.69;fr.aliexpress.com/item/32619514548.html;Moules à savon faits à la main. en silicone. pour la cuisson de gâteaux au chocolat
https://ae01.alicdn.com/kf/HLB1IMbRPZfpK1RjSZFOq6y6nFXaH/New-arrival-Cream-Chocolate-Funnel-for-Baking-Cake-Decorating-pastry-Batter-Dispenser-Candy-Cake-Kitchen-Utensils.jpg_220x220xz.jpg;//ae01.alicdn.com/kf/HLB1IMbRPZfpK1RjSZFOq6y6nFXaH/New-arrival-Cream-Chocolate-Funnel-for-Baking-Cake-Decorating-pastry-Batter-Dispenser-Candy-Cake-Kitchen-Utensils.jpg_220x220xz.jpg;;4 vendu(s);MAD 19.58;fr.aliexpress.com/item/33001451402.html;Entonnoir à chocolat crème pour la cuisson. décoration de gâteau. distributeur de pâte à pâtisserie. bonbons. ustensiles de cuisine. outils en entonnoir
https://ae01.alicdn.com/kf/H28cabf41b1d148c3862f0f1efdcbce6b0/3D-Sexy-Chocolate-Silicone-Moulds-Men-s-Body-Molds-Clay-Aromatherapy-Plaster-Decoration-DIY-Handmade-Candle.jpg_220x220xz.jpg;//ae01.alicdn.com/kf/H28cabf41b1d148c3862f0f1efdcbce6b0/3D-Sexy-Chocolate-Silicone-Moulds-Men-s-Body-Molds-Clay-Aromatherapy-Plaster-Decoration-DIY-Handmade-Candle.jpg_220x220xz.jpg;;109 vendu(s);MAD 227.46;fr.aliexpress.com/item/1005002817481538.html;Moules 3D Sexy en Silicone pour hommes. en argile. aromathérapie. décoration de plâtre. bougie faite à la main
https://ae01.alicdn.com/kf/H1cac218a4c9f40c9a39f53caaa193f06A/6PCS-Set-Stainless-Steel-Chocolate-Cheese-Fruit-Dessert-Hot-Pot-Fondue-Melting-Skewer-Kitchen-Tableware-Tools.jpg_220x220xz.jpg;//ae01.alicdn.com/kf/H1cac218a4c9f40c9a39f53caaa193f06A/6PCS-Set-Stainless-Steel-Chocolate-Cheese-Fruit-Dessert-Hot-Pot-Fondue-Melting-Skewer-Kitchen-Tableware-Tools.jpg_220x220xz.jpg;;;MAD 15.81;fr.aliexpress.com/item/1005001947621163.html;Brochette à fondant en acier inoxydable. 6 pièces/ensemble. pour chocolat. fromage. fruits. Dessert. Fondue. ustensiles de table
https://ae01.alicdn.com/kf/S6a4b8b2e3a70489ba330c26b250dacc5M/Electric-Milk-Frother-Handheld-Mixer-Foamer-Coffee-Maker-Egg-Beater-Chocolate-Cappuccino-Stirrer-Portable-Blender-Kitchen.jpg_220x220xz.jpg;//ae01.alicdn.com/kf/S6a4b8b2e3a70489ba330c26b250dacc5M/Electric-Milk-Frother-Handheld-Mixer-Foamer-Coffee-Maker-Egg-Beater-Chocolate-Cappuccino-Stirrer-Portable-Blender-Kitchen.jpg_220x220xz.jpg;;;MAD 79.43;fr.aliexpress.com/item/1005004064905672.html;Mélangeur à lait électrique Portable. appareil à café. batteur d'œufs. batteur à chocolat. mélangeur à Cappuccino. outil de cuisine
https://ae01.alicdn.com/kf/Sbd7eb8a461f546d6861ba67fb3b77fe6g/Rose-Flower-Silicone-Mold-Butterfly-Molds-DIY-Decoration-Chocolate-Candy-Craft-Polymer-Clay-Tool-Resin-Cake.jpg_220x220xz.jpg;//ae01.alicdn.com/kf/Sbd7eb8a461f546d6861ba67fb3b77fe6g/Rose-Flower-Silicone-Mold-Butterfly-Molds-DIY-Decoration-Chocolate-Candy-Craft-Polymer-Clay-Tool-Resin-Cake.jpg_220x220xz.jpg;;10 vendu(s);MAD 12.73;fr.aliexpress.com/item/10000004088654.html;Moule en Silicone en forme de papillon. fleur de Rose. bricolage. décoration de bonbons au chocolat. artisanat en argile polymère. outil de décoration de gâteau en résine
https://ae01.alicdn.com/kf/H965f844d521e4b778a633799097158bfZ/3D-Silicone-Mold-Sleeping-Deer-DIY-soap-gypsum-Resin-Model-Chocolate-Fondant-Cake-Decoration-Tools.jpg_220x220xz.jpg;//ae01.alicdn.com/kf/H965f844d521e4b778a633799097158bfZ/3D-Silicone-Mold-Sleeping-Deer-DIY-soap-gypsum-Resin-Model-Chocolate-Fondant-Cake-Decoration-Tools.jpg_220x220xz.jpg;;;MAD 44.34;fr.aliexpress.com/item/1005002083955257.html;Moule 3D en Silicone en forme de cerf dormant. bricolage de savon. modèle en résine de gypse. Fondant au chocolat. outils de décoration de gâteaux
https://ae01.alicdn.com/kf/HTB1PH5Edo3IL1JjSZFMq6yjrFXaw/1PCS-Twelve-Kinds-Of-Flowers-Shape-Silicone-Chocolate-Mold-3D-Rose-Ice-Cream-Cupcake-Pastry-Fondant.jpg_220x220xz.jpg;//ae01.alicdn.com/kf/HTB1PH5Edo3IL1JjSZFMq6yjrFXaw/1PCS-Twelve-Kinds-Of-Flowers-Shape-Silicone-Chocolate-Mold-3D-Rose-Ice-Cream-Cupcake-Pastry-Fondant.jpg_220x220xz.jpg;;4 vendu(s);MAD 32.21;fr.aliexpress.com/item/32831407984.html;Moule à chocolat en Silicone en forme de fleurs. 12 sortes de fleurs. 3D. Rose. crème glacée. Cupcake. pâtisserie. Fondant. savon. outils de cuisson. 1 pièces
https://ae01.alicdn.com/kf/H81a67bddb6cc429c98e54feab7367524h/Electric-Handle-Milk-Frother-Handheld-Foamer-Coffee-Maker-Egg-Beater-Chocolate-Cappuccino-Stirrer-Mini-Blender-Kitchen.jpg_220x220xz.jpg;//ae01.alicdn.com/kf/H81a67bddb6cc429c98e54feab7367524h/Electric-Handle-Milk-Frother-Handheld-Foamer-Coffee-Maker-Egg-Beater-Chocolate-Cappuccino-Stirrer-Mini-Blender-Kitchen.jpg_220x220xz.jpg;;41 vendu(s);MAD 17.40;fr.aliexpress.com/item/1005002989585627.html;Mousseur à lait à poignée électrique. cafetière à main. batteur d'œufs. agitateur à chocolat/Cappuccino. Mini mélangeur. fouet de cuisine
https://ae01.alicdn.com/kf/Sb0128fc5b51c426db5ffdfb7c79a317fC/100pcs-4ml-Disposable-Pipettes-Plastic-Squeeze-Transfer-Pipettes-For-Strawberry-Cupcake-Ice-Cream-Chocolate-Dropper-For.jpg_220x220xz.jpg;//ae01.alicdn.com/kf/Sb0128fc5b51c426db5ffdfb7c79a317fC/100pcs-4ml-Disposable-Pipettes-Plastic-Squeeze-Transfer-Pipettes-For-Strawberry-Cupcake-Ice-Cream-Chocolate-Dropper-For.jpg_220x220xz.jpg;;2 vendu(s);MAD 21.47;fr.aliexpress.com/item/1005004046505051.html;Pipettes à presser jetables en plastique. 4ml. 100 pièces. pour Cupcake. fraise. crème glacée. compte-gouttes de chocolat. pour laboratoire
https://ae01.alicdn.com/kf/Hd47bcf96fc524f839114a3e741dcf500j/3Pcs-Cake-Dipping-Set-Chocolate-Dipping-Fork-Stainless-Steel-Cake-Tool-Pen-Hot-Pot-Dessert-Cheese.png_220x220xz.png;//ae01.alicdn.com/kf/Hd47bcf96fc524f839114a3e741dcf500j/3Pcs-Cake-Dipping-Set-Chocolate-Dipping-Fork-Stainless-Steel-Cake-Tool-Pen-Hot-Pot-Dessert-Cheese.png_220x220xz.png;;1 vendu(s);MAD 58.16;fr.aliexpress.com/item/1005002592745670.html;Fourchettes à chocolat en acier inoxydable. ensemble de 3 pièces pour tremper les gâteaux. stylo. Pot chaud. Dessert. fromage. fruits. décoration de gâteaux
https://ae01.alicdn.com/kf/HTB1XGBChTnI8KJjy0Ffq6AdoVXaR/Electric-Single-Oven-Chocolate-Melting-Pot-Boiler-Fondue-DIY-Heater-Set.jpg_220x220xz.jpg;//ae01.alicdn.com/kf/HTB1XGBChTnI8KJjy0Ffq6AdoVXaR/Electric-Single-Oven-Chocolate-Melting-Pot-Boiler-Fondue-DIY-Heater-Set.jpg_220x220xz.jpg;;;MAD 61.24;fr.aliexpress.com/item/32749533297.html;Simple électrique Four de Fusion de Chocolat Pot Chaudière Fondue BRICOLAGE Ensemble de Chauffe-
